epoch,time,train/box_loss,train/cls_loss,train/dfl_loss,metrics/precision(B),metrics/recall(B),metrics/mAP50(B),metrics/mAP50-95(B),val/box_loss,val/cls_loss,val/dfl_loss,lr/pg0,lr/pg1,lr/pg2
1,412.776,1.47234,1.36922,1.23204,0.3782,0.31304,0.32267,0.18863,1.48602,1.45526,1.27739,0.0700249,0.00333057,0.00333057
2,456.796,1.52721,1.45296,1.34471,0.48999,0.46403,0.47091,0.27909,1.25757,1.25373,1.18239,0.0399464,0.0065993,0.0065993
3,433.629,1.45334,1.35317,1.29282,0.56714,0.5294,0.53529,0.31235,1.22277,1.07605,1.14397,0.00981445,0.00980065,0.00980065
3,434.379,1.45334,1.35317,1.29282,0.56714,0.5294,0.53529,0.31235,1.22277,1.07605,1.14397,0.00981445,0.00980065,0.00980065
