epoch,time,train/box_loss,train/cls_loss,train/dfl_loss,metrics/precision(B),metrics/recall(B),metrics/mAP50(B),metrics/mAP50-95(B),val/box_loss,val/cls_loss,val/dfl_loss,lr/pg0,lr/pg1,lr/pg2
1,412.776,1.47234,1.36922,1.23204,0.3782,0.31304,0.32267,0.18863,1.48602,1.45526,1.27739,0.0700249,0.00333057,0.00333057
2,456.796,1.52721,1.45296,1.34471,0.48999,0.46403,0.47091,0.27909,1.25757,1.25373,1.18239,0.0399464,0.0065993,0.0065993
3,433.629,1.45334,1.35317,1.29282,0.56714,0.5294,0.53529,0.31235,1.22277,1.07605,1.14397,0.00981445,0.00980065,0.00980065
3,434.379,1.45334,1.35317,1.29282,0.56714,0.5294,0.53529,0.31235,1.22277,1.07605,1.14397,0.00981445,0.00980065,0.00980065
4,406.874,1.27001,1.06502,1.14218,0.5599,0.55133,0.54527,0.33678,1.13008,0.96236,1.10599,0.009703,0.009703,0.009703
5,803.257,1.20933,1.01496,1.11686,0.63306,0.56977,0.61351,0.38437,1.06129,0.88371,1.0707,0.009604,0.009604,0.009604
6,1199.65,1.16548,0.95341,1.09757,0.68815,0.60732,0.6582,0.41668,1.00865,0.81548,1.03694,0.009505,0.009505,0.009505
7,1596.81,1.12438,0.90746,1.0752,0.65424,0.60833,0.66035,0.42833,0.96886,0.7867,1.03117,0.009406,0.009406,0.009406
8,2013.65,1.11084,0.89912,1.07371,0.65973,0.61164,0.66599,0.42879,0.99339,0.78604,1.03999,0.009307,0.009307,0.009307
